{"initial_reset_timestamp": 1622825365.9479418, "timestamps": [1622825373.821363], "episode_lengths": [1364], "episode_rewards": [-21.0], "episode_types": ["t"]}