{"initial_reset_timestamp": 1622825211.5997498, "timestamps": [1622825221.566026], "episode_lengths": [1108], "episode_rewards": [-21.0], "episode_types": ["t"]}