{"initial_reset_timestamp": 1622825073.787062, "timestamps": [1622825094.4231749], "episode_lengths": [1008], "episode_rewards": [-21.0], "episode_types": ["t"]}